1,Janhavi Baikerikar,,,,,,
2,Usha Sharma,G.N. Purohit,,,,,
3,Kishor Honwadkar,Dr. T. R. Sontakke,,,,,
4,PANKAJ AGARKAR,Sanjay Talbar,,,,,
5,Tilottama Dhake, R D Patane,Sheetal Jagtap,,,,
6,Anirban Mitra,,,,,,
7,DAVID SOLOMON RAJU,KRISHNA REDDY,,,,,
8,Shruti Jain, Pradeep Naik,Sunil Bhooshan,,,,
9,Dwarkoba Gaikwad, Prashant Abyhan,Prachi Bedekar,,,,
10,Dr. B. K. Mishra, Lochan Jolly,kalawati Patil,,,,
11,SUBHA SUBRAMANIAM,,,,,,
12,Abdul Rahiman M,,,,,,
13,Mr.Shivanand Konade, Prof.Mrs.Shashi Prabha,Prof.Mrs.Savita Bhosale,,,,
14,Mr.Shivanand Konade, Prof.Mrs.Shashi Prabha,Mr.Shivanand Konade,,,,
15,Mr.Arun Kachare, Assit Mr.R.D. Patane, Assit.Prof. Mrs.Jyothi Digge,Mr.Shivanand Konade,,,
16,Mr.Vilas Moon, Assist.Prof.D.V. Thombre,Mr.Shivanand konade,,,,
17,Vinitkumar Dongre,Brij kishore Mishra,,,,,
18,Praveen Malik,,,,,,
19,Tusharika Sinha Banerjee,,,,,,
20,Asha Rawat, Umesh Kulkarni,Vijay Bhosle,,,,
21,DAVID SOLOMON RAJU,SWARNA KUMARY,,,,,
22,Janhavi Baikerikar,,,,,,
23,Prachitee Shekhawat,Prof. Sheetal S. Dhande,,,,,
24,Rakhi Muley,Madhumita Chatterjee,,,,,
25,Suggala Ram Prasad, David Solomon Raju,Grandhi Naresh kumar,,,,
26,uthra R, kalaiarasi N,Rathinam A,,,,
27,Ketki Deshmukh,,,,,,
28,Seema Shah,Dr. Sunita Mahajan,,,,,
30,Anita Purushotham, Prachi Dhannawat,K.T Talele,,,,
31,Yogi Joshi,Abhijit Patankar,,,,,
32,Nishath Anjum,Y.David Solomon Raju,,,,,
33,Indraneel Mukhopadhyay, Mohuya Chakraborty,Satyajit Chakrabarti,,,,
34,Swati Mali,Bandu Meshram,,,,,
36,AJITHA S,KALAIARASI N,,,,,
37,sonali Bhadoria,,,,,,
38,DAVID SOLOMON RAJU Y,SWARNA KUMARY K,,,,,
39,kriti gupta,,,,,,
40,kriti gupta,,,,,,
41,Kamal Raj,Gowtham Muthuraj,,,,,
42,Umesh Kulkarni,shrihari joshi,,,,,
43,sheetal jagtap, Nilkantha Killarikar,Tilottama Dhake,,,,
44,Sonali Nade, Mayuri Tambekar,Ashwini Gajarushi,,,,
45,Divya Patil, Vibha Menon,Ashwini Gajarushi,,,,
46,Gajanan Dhok, S.A Ladhake,Rahul Khokale,,,,
47,Mahendra Mehra, Mayank Agarwal, Deven Shah,Renuka Pawar,,,
48,Mayank Agarwal, Mahendra Mehra, Deven Shah,Renuka Pawar,,,
49,Anil Hingmire, Dada Ingle, Rahul Ambekar,Sangita Chaudhari,,,
50,Swati Mali, Suman Ninoriya,B B Meshram,,,,
51,Smita Dange, Vaibhav Chunekar,Bandu Meshram,,,,
52,Mondit Mahanta, Papeeya Phukan, Anupam Nath, Ankur Bordoloi, Chorosree Roychoudhury, Hiranmoy Saha,Biplob Mondal"
54,Ujwalla Gawande, Mukesh Zaveri,Avichal Kapur,,,,
55,PANKAJ MUDHOLKAR,Shirshendu Maitra,,,,,
56,Shamal Firake, Pravin Soni,B B Meshram,,,,
57,GNANA JAYANTHI JOSEPH,,,,,,
58,Nandkishor Karlekar, Piyush Chavan, Hitesh Kotian,Vishnupriya Mallela,,,
59,Sneha Patil, Rohini Sonawane, Dipika Rokade,nandkishor karlekar,,,
60,Sonali Jadhav, Maruthi Limkar,jyothi Digge,,,,
61,Amit Prakash, Ujwalla Gawande, Alok Bhushan, Santosh Kr pandey,Prasanna Kr Reddy,,
62,Nilima Zade,Sachin Bojewar,,,,,
63,Tamilkodi Ramachandran, valli madhavi,jayasudha koti,,,,
64,Mahesh Babu Basam,Ajitha Sakthees,,,,,
66,Anita Borkar, Akshaya Salunke, Ankita Barabde,Nandkishor Karlekar,,,
67,Adil Siddiqui, meenakshi sharma, annu karir,hidayatullah choudhry,,,
68,Amisha Naik,Niranjan Devashrayee,,,,,
69,H.B. Kekre,Dhirendra Mishra,,,,,
70,Vidya Hulsure, Umesh Kulkarni,Vijay Bhosale,,,,
71,Kavita Jain, Varsha Wangikar,Seema Shah,,,,
72,Sunita Mahajan,Vaishali Jadhav,,,,,
73,Pallavi Mhatre,M. maniroja,,,,,
74,Ibrahim Patel,Dr.Y.Srinivasa Rao,,,,,
75,Sanjay Waykar, Dhanesh Narvekar, Abhijeet Mane,Arjun Chandran,,,
76,Sanjay Waykar, Swapnil Gamare, Ajinkya Ghadigaonkar,Alankar Kambli,,,
77,deepthi janyavula,Saxena Satyendra,,,,,
79,Madhuparna Chakraborty,Ravinder Nath,,,,,
80,Prachitee Shekhawat,Prof. Sheetal S. Dhande,,,,,
81,Sunita Patil,Sunita Mahajan,,,,,
82,Jyothi Digge, Santosh.K Narayankhedkar,S.V Dudal,,,,
84,Perminder Kaur, Dhavleesh Rattan,Amit Kumar Bhardwaj,,,,
85,Suresh Limkar,Rakesh Kumar Jha,,,,,
86,Suresh Limkar,Rakesh Kumar Jha,,,,,
87,Yogesh Karunakar,Narayan K,,,,,
88,Sunita Mahajan,Vaishali Jadhav,,,,,
89,RAKESH JHA,Suresh Limkar,,,,,
90,Pallavi Mhatre,M. Maniroja,,,,,
91,Deepak Gala,,,,,,
93,Balasaheb Tarle,Dr. G L Prajapati,,,,,
94,Amol Bhagat,Bhaskar Harle,,,,,
95,Manisha Naoghare,V.M. Deshmukh,,,,,
96,rejo mathew,Vijay Katkar,,,,,
97,Shrinivasrao B. Kulkarni, Dr. Ravindra S. Hegadi,Dr. Umakant P. Kulkarni,,,,
98,Mrinai Dhanvijay,,,,,,
99,Sarita Bopalkar, Poornima Talwai,Bhavesh Parmar,,,,
100,Shilp Dixit,Mukesh Singh,,,,,
101,chhaya narvekar,sushma Khanvilkar,,,,,
102,Dadaso Mane,Sandip Mane,,,,,
103,PANKAJ MUDHOLKAR, Dr. Meera Shanker,Shirshendu Maitra,,,,
104,Ashish Harsola, Sushil Thale,Meena Panse,,,,
106,Vinay Kumar, Ashok Kumar,Surender Soni,,,,
107,Dr. H.B. Kekre, Archana Athawale,Sayli Patki,,,,
108,Tejas Madan, Amit Jadhav,Arish Metkari,,,,
109,Malhar Lakdawala, Kunal Jain,Hardik Tolia,,,,
110,Rahul Jinturkar,Seema Kolkur,,,,,
111,Sopan Talekar, Vaishali Tidake,Preeti Shinde,,,,
112,Dr. H.B. Kekre,Vaishali Kulkarni,,,,,
113,Purvi Sankhe, Meenakshi Patil,Mary Margarat Valentine,,,,
114,Vaibhav Neema, Shailesh Singh Chouhan,Sanjiv Tokekar,,,,
115,Shrikant Agrawal,Rahul Samant,,,,,
116,Anuraag Sharma,Rahul Samant,,,,,
117,Arjun Chopra,Rahul Samant,,,,,
118,Lakshmana B,Megha Arakeri,,,,,
119,Devjayant Singh,Bharat Behl,,,,,
120,shanti swamy,,,,,,
121,Vishal Jain,,,,,,
122,H.B. Kekre, Tanuja Sarode,Meena Ugale,,,,
123,Monali Choudhari,Sharda Devi Mandalapu,,,,,
124,Satish Ket,R. N. Awale,,,,,
127,Rathinam Ananthanaryanan,Kalaiarasi N,,,,,
128,minal puranik,shobha krishnan,,,,,
129,Venkatesh Mantur, VENKATESH KULKARNI, vinod muchchandi,sunil nalwade,,,
130,Anjali Yeole,Kirtikumar Dupare,,,,,
131,seema nehete, Mandar Sohani,Sudhir Sawarkar,,,,
132,Venkatesh. mantur, venkatesh kulkarni, vinod muchchandi,sunil nalwade,,,
133,Priyanka Pawar, Vaishali Sahu,Ashvini Gajrushi,,,,
134,Anvita Birje,,,,,,
135,Ashwini Karande,,,,,,
136,Rashmi Salavi, Mandar Sohani,Amol Dhumal,,,,
137,Radha Mani, Kailas Devadkar, Megna Kedia,Dhanashree Limaye,,,
138,Kailas Devadkar, Radha Mani, Shailesh Kotian,Ashish Khadpe,,,
139,Prof. Amutha Jayakumar,Asha Durafe,,,,,
140,Siva Sankar Alam, Dr.Jayachandra Prasad Talari,Dr. Giriprasad M. N,,,,
141,Sreekanth P,,,,,,
142,Siddesh G M,,,,,,
143,Priya Sinha,,,,,,
144,Rupali Jadhav,,,,,,
145,Sreeja S.s,,,,,,
146,Shruti Singh Roy,Vivek Kapur,,,,,
147,Rupali Sawant,,,,,,
148,Dr. Hemant Kekre, Dr.Tanuja sarode, Kavita raut,Rohan Tahiliani,,,
149,Dhananjay Kalbande, Sanjivani Patil, Sneha Nirgudkar,Sanket Bhoir,,,
150,Abbas Sheik Dawood,Rahul Samant,,,,,
151,Neelam Naik,,,,,,
152,Mita Dalal,Mukesh Zaveri,,,,,
153,Dipen Valani, Sayyed Ghazali,Rajeshkumar Chavan,,,,
154,Baban Rindhe, Dhara Shah,Santosh Narayankhedkar,,,,
155,Sangita Chaudhari, Aniruddha Deshpande, Swapnil Bendale,Ramya Kotian,,,
156,Sudhir Dhage, Rupesh Rawat, Mandar Paingankar, Sanket Padawe,Abheek Misra,,
157,Neha Bheniye, Priyanka Panchal,Ashvini Gajrushi,,,,
158,Mandar Bivalkar,,,,,,
159,S Manjunath,D S Guru,,,,,
160,Prashant Vikram, Sujay Shetty,Sujay paralikar,,,,
161,Sheetal Bukkawar,NEELKANT KILLARIKAR,,,,,
162,Rahul Samant,Srikantha Rao,,,,,
163,Dinkar Bhombe,Nagesh Mapari,,,,,
164,Nachiappan Mahalakshmi, N.R.Indira,P.Vasikaran,,,,
165,Vaishali Mandhare, pratap vikhe,Dr. n.s. nehe,,,,
166,Kanchan Doke,,,,,,
167,Shilpa Verma,Kunal Meher,,,,,
168,Jyoti Rothe,,,,,,
169,Shirish Sabnis,,,,,,
170,Jemin Shah,,,,,,
171,Dr.H.B. Kekre, Ms Archana Athawale,Mrunali Desai,,,,
172,Ulka Pawar,Madhulika Bhelotkar,,,,,
173,nisha t,Retna gk,,,,,
174,Saiqa Khan,Arun Kulkarni,,,,,
175,Hameem Shanavas, Dr.Gnanamurthy R.K.,Stephen Thangaraj,,,,
176,Mamta Sharma,monali mavani,,,,,
177,Devesh Nawgaje,Rajendra Kanphade,,,,,
178,Vanaraj Vaghela,Dr.Dharmesh Shah,,,,,
179,Rashmi Keote, Minal Keote,Ankita Tijare,,,,
180,Pallavi Mhatre,M. Maniroja,,,,,
181,Rashmi Gadge, Ashok Dighe,Pravin Zode,,,,
182,Sushama Khanvilkar,Chhaya Narvekar,,,,,
183,Shubhada Deshpande, Venkatesh Moorthy,Kaushal Panchal,,,,
184,B S Harish, D S Guru,S Manjunath,,,,
185,Dhiraj Bhise,Umesh Kulkarni,,,,,
186,Nilesh Mehta,,,,,,
187,kavita Gawande, Sangita Patil,Sarita Amadekar,,,,
188,Yogesh Pingle,Arjun Jaiswal,,,,,
189,Marikkannu P., Adri Jovin, Purusothaman T,Baskaran R,,,
190,Sujata Naduvinamani,Kiran Bendigeri,,,,,
191,Karl Baria,,,,,,
193,Aarti Karande,vaibhav chunekar,,,,,
194,Aarti Karande,vaibhav chunekar,,,,,
195,Preeti Patil, Dr Srikantha Rao,Suryakant B Patil,,,,
196,Aarti Karande,vaibhav chunekar,,,,,
197,Ashwini Patil, Manisha Prakash,Anant Nimkar,,,,
198,Udit Dave,Rahul Samant,,,,,
199,Dharma Raj Cheruku, Hemambaradhara Rao Paidi,Vijaya Saradhi Dommeti,,,,
200,Anil Kumar K.M,,,,,,
201,Utkarsha Pacharaney,K T V Reddy,,,,,
202,Nargis Siddiqui,Naveeta Kant,,,,,
203,Ajay Khunteta,pooja sharma,,,,,
204,Shahsant Devadiga, Amit Kumar Chandola,Reshma Gopinathan,,,,
205,varsha hole,leena ragha,,,,,
206,Jeegar Patel, Jaydeep Patwardhan, Kunal Sankhe,Reena Kumbhare,,,
209,Kshitija Pol,Mandar Sohani,,,,,
210,Dhananjay Kalbande, G.T. thampi,Nilesh Deotale,,,,
212,Meenakshi Patil, Bhushan Nemade,Purvi Sankhe,,,,
213,Mrs. Madhuri Dalal,Nareshkumar Harale,,,,,
214,Subrajeet Mohapatra, Dipti Patra,Sushanta Samanta,,,,
215,Tafseer Alam, Rajeevan Chandel,Rohit Dhiman,,,,
216,Amol Adamuthe,RajanKumar Bichkar,,,,,
217,Sindhu Nair,Jalpa Mehta,,,,,
218,Hemant Mehta, Priyesh Kanungo,Manohar Chandwani,,,,
219,Sangita Chaudhari,Ajitsingh Rawat,,,,,
220,Geetanjali Kale,,,,,,
221,poonam gera,,,,,,
222,poonam gera,,,,,,
223,Ajay Yadav, Girish Deshpande, Ajit Kumar,Mllikarjun savanalli,,,
224,Harish Boddapati, Akshay Naregalkar,Raju BL Dr,,,,
225,Hitu Varshney, Gayatri Srivathsan, Poorvi Garg,Ramya Bhaskaran,,,
226,MALLIKARJUN SAVANALLI, SHIVRAJ VADGERI, Vithal. Nagathan, GIRISH. DESHPANDE, ajay. Yadav,ajit kumar,
227,Nilesh Patil,,,,,,
228,Suryakant B Patil, Dr Srikantha Rao,Preeti Patil,,,,
229,Ajit Vyavahare, Amit Patil,Prashant Hadapad,,,,
230,Aarti Kane,Dr. Vishal Verma,,,,,
231,Suryakant B Patil, Dr Srikantha Rao,Preeti Patil,,,,
232,Madhavi Pradhan, Megha Kadam,Sonali Nalamwar,,,,
233,Rajesh Kannan Megalingam, Vineeth Radhakrishnan, Akhil K S, Denny.C. Jacob,Deepak Krishnan Unnikrishnan,,
234,Rajesh Kannan Megalingam, Ramesh Nair,Sai Manoj Prakhya,,,,
235,Rajesh Kannan Megalingam, Iype Joseph, Gautham Popouri, Parthasarathy R, Deepu K B,Mithun Muralidharan,
236,Rajesh Kannan Megalingam, Anoop N G, Vishnu Vidyan, Deepu Narayanan,Karhik S,,
237,Sulbha Yadav,Vipul Dalal,,,,,
238,Santsoh Patil, Rajendra Kanphade,Devesh Nawgaje,,,,
239,DEEPALI KHATRI,SANJAY HARIDAS,,,,,
240,Suryakant B Patil, Dr Srikantha Rao,Preeti Patil,,,,
241,Suryakant B Patil, Dr Srikantha Rao,Preeti Patil,,,,
242,Debojyoti Majumdar,Dipesh Malvia,,,,,
243,Amita Sharma,S. S. Sarangdevot,,,,,
244,Sushma Kadge,M Panse,,,,,
246,Brahmananda Reddy Kaswa,Jayasree Pappu,,,,,
247,KALYANA SRINIVAS KANDALA,VENKATA RAMANA TEPPALA,,,,,
248,ARAVAPALLI KOUSALYA,SREENADH REDDY,,,,,
249,NILESH PARDESHI,Jaydeep Kale,,,,,
251,Manpreet Kaur Aneja, Birmohan Singh,Ajat Shatru Arora,,,,
252,Subitha Thomas,,,,,,
254,Manpreet Kaur Aneja, Birmohan Singh,Seema Rani,,,,
255,Bharatbhushan Kale, KIRAN BHOLE,PRASHANT DESHMUKH,,,,
256,PANKAJ MUDHOLKAR,Shirshendu Maitra,,,,,
257,VITHAL NAGATHAN, SHIVRAJ VADAGERI, ABHIJEET VANAKUDRE,NAGARAJ JEUR,,,
259,Abhijit Dongaonkar,Dr K.T.V. Reddy,,,,,
260,Raj Kumar, Jayashree Shinde, Brajkumar Mishra, Pratap Shinde,Mahadev Uplane,,
261,Ch R Phani Kumar, G Aswan Kumar,M A Mehaboob Jani,,,,
262,ankit arora, prateek deshmukh,santosh mehta,,,,
264,Girish Tere,Bharat Jadhav,,,,,
265,Mangesh Deshpande,Raghunath Holambe,,,,,
266,Raj Tiwari, Mohd Husain, Vishal Srivasrava,Anil Agrawal,,,
267,Baskar Babujee, Sangeetha,Papu Antony Eugene Xavier,,,,
268,pravin rahate, avinash gawande,dr sudhir sawarkar,,,,
269,Dr.H.B. Kekre, Dr. Tanuja Sarode,Rekha Vig,,,,
270,Naveesh Bajpai,Dhruv Arora,,,,,
271,Anil Rajput,Nidhi Chandel,,,,,
272,Rushabh Hathi,Irfan Siddavatam,,,,,
273,Ashwini Dalvi,pamukumar swamy,,,,,
274,Ashwini Dalvi,Pamu Kumar Swamy,,,,,
275,Promila Bahadur, Ajai Jain,D.S Chauhan,,,,
276,rajesh holmukhe,Mrs.Jyoti Chaudhari,,,,,
277,rajesh holmukhe,Wankhede,,,,,
278,rajesh holmukhe,prsannati kulkarni,,,,,
279,Vignesh Iyer, Irfan Siddavatam, Sachin Warrier,Prashant Pol,,,
280,rajesh holmukhe,Sagolsem kripachariya singh,,,,,
281,rajesh holmukhe,Kiran Deshpande!,,,,,
282,Shilpa Shinde, Mahesh Kumbhar,Snehal Bhosale,,,,
283,Shirshendu Maitra, Dr. Meera Shanker,Pankaj Mudholkar,,,,
284,Shirshendu Maitra,Pankaj Mudholkar,,,,,
285,Shashank Prasad, Amit Sawant, Rakshith Shettigar, Shubhra Sinha,Kiran Bhandari,,
286,Shashank Prasad, Amit Sawant, Rakshith Shettigar,Shubhra Sinha,,,
287,Shashank Prasad, Amit Sawant, Rakshith Shettigar, Shubhra Sinha,Rahul Khokale,,
288,Yerra Sreenivasa Rao, A Jaya Laxmi,K.M.S.N .Krishna,,,,
289,Pooja Gautam,,,,,,
290,Madhulika Bhelotkar,Ulka Pawar,,,,,
291,Mahesh Darak, Nirmala Bisht,Nandini Aggarwal,,,,
293,poonam gera,,,,,,
294,Vikram Goyal, Arpita Nair,Abhay Patil,,,,
295,rammohan reddy,,,,,,
296,abhineet sarkar, Pramod mishra,Dipal modi,,,,
297,Mrinmoyee Mukherjee,Ms. Suvarna Ketkar,,,,,
298,Suryaprasad Potnuru,Chandra Sekhar P.N.R.L.,,,,,
299,Sujatha Kesavan,,,,,,
300,Rajeshwari Goudar, Sanjay Wagh,Mahesh Goudar,,,,
301,Susarla Venkata Ananta Rama Sastry, Ashok Kumar Gupta,Pala Ramesh,,,,
302,Loshma Gunisetti,,,,,,
303,Sunita Mahajan,Vaishali Jadhav,,,,,
304,Abhineet Sarkar, rahul patil,pramod mishra,,,,
305,Savitha Upadhya,Nilashree Wankhede,,,,,
307,Kishor Honwadkar,Tryambak Sontakke,,,,,
308,asmita nirmal,VB Gaikwad,,,,,
309,Chirag Patel,Ripal Patel,,,,,
310,V N Pawar,S N Talbar,,,,,
313,Patel Rashmika,,,,,,
314,Aswini Vnl,,,,,,
315,Naregalkar Akshay, Harish Boddapati, Raju BL Dr,sujata dhanorkar,,,
316,Prachi Palsodkar, Prasanna Palsodkar,Pravin Dakhole,,,,
317,Swapnil Kadam, Nilesh Chaudhari, Aditya Joshi, Siddesh Bhogate,Vijayalakshmi Kadroli,,
318,S ShamshuDharwez,B Karpagam,,,,,
319,Chitra Bhole,,,,,,
320,Raj Kumar,,,,,,
321,Raj Kumar,,,,,,
322,Aaditya Desai,Seema Shah,,,,,
323,Ms Mrinmoyee Mukherjee,Ms. Sukruti Kaulgud,,,,,
324,Jitha Varghese,Venmathi Mahendran,,,,,
326,Amruta Chintawar, Madhumita Chatterjee,Amar Vidhate,,,,
327,Varun Gupta, Dr.Dilbag Singh,Gavendra Singh,,,,
328,Varun Gupta,Gavendra Singh,,,,,
329,Srikanta Pal,,,,,,
330,Vinay A, Abhinav Prakash, T N Anitha, Kiran Kumar D S,Nagabhushan K,,
331,Amar Khopade,,,,,,
332,Ashwini Bhugul,Vijaya Shandilya,,,,,
333,Vinay A, Abhijit K G, Mohammed Saifulla,Jayashree D,,,
334,Saurav Agarwal,Hari Hablani,,,,,
335,Muthukumaran K, Antony Joe Christo P,Praveen Rajadurai D,,,,
336,Satyanarayana Padaganur,Shrikant Purohit,,,,,
338,Raj Kumar,,,,,,
339,shruti oza,nirnjan devashrayee,,,,,
340,Rohini more,Prof Dr. R. S. Kawitkar,,,,,
341,Sujitha V, Sivagami P,Vijaya MS,,,,
342,Gautam Borkar,,,,,,
343,Pradeep Mirchandani, Kashmira Deshpande,Rukhsana Khan,,,,
344,Gurulakshmi A.B., Parisa Beham M,Mahalakshmi N.,,,,
345,Dr. H. B. Kekre, Dr. Tanuja Sarode, Prachi Natu,Shachi Natu,,,
346,Dipti Verma,Rakesh Nashine,,,,,
347,Rajesh Kannan Megalingam, Vineeth Mohan, Ajay Mohanan, Paul Leons,Rizwin Shooja,,
349,Mrs. Dhara Shah,Prof. Upena Dalal,,,,,
350,Sreeja S.s,,,,,,
351,Chirag Patel, Ripal Patel,Palak Patel,,,,
352,shubhi lall, tanupriya singh,rashmi vipat,,,,
353,Sudeshna Sen,,,,,,
354,shubhi lall, tanupriya singh,rashmi vipat,,,,
355,ASHA T, S Natarajan,K. N Balasubramanya Murthy,,,,
356,Archana Gulati,Dr.Sudhir Sawarkar,,,,,
358,Shivendra Shivani, akhilendra pratap singh, Anoop kumar patel,suneeta agarwal,,,
359,Suchitra Patil, H.B. Kekre,tanuja Sarode,,,,
360,Mohammed Ziauddin,Mohammed Ziauddin,,,,,
361,Vinay A, Anitha T N, Abhinav Prakash, Kiran Kumar D S,Nagabhushan K,,
362,Bhashir Mohammed,,,,,,
363,Rupali Jadhav,,,,,,
364,Sunita Mahajan,Vaishali Jadhav,,,,,
365,Dr.H.B. Kekre, Tanuja Sarode, Saylee Gharge,Kavita Raut,,,
366,Malathi Jesudason,Dr.Raj Kumar,,,,,
367,Patel Rashmika,,,,,,
368,Ashwini Deshpande,Suprava Patnaik,,,,,
369,Suresh Jajoo, Arko Basu, Bharatram N, Samapika Das,Ajitha Prabhu,,
370,Dr.Sureshchandra J. Gupta, Balakrishna .Sreeramulu Rongali,Dr.Vinita Dhulia,,,,
371,Kiran Dubey,Devidas Kalwale,,,,,
372,BS pradeep,Soumya S,,,,,
373,Dr.H.B. Kekre, Archana Athawale,Sheetal Maheshwari,,,,
374,RAJIB KAR, vikas maheshwari, Sumit pathak, Ashis Kumar Mal,Dr. A. K. Bhattacharjee,,
375,Ajay Khunteta,Shiv Raj Soni,,,,,
376,Bhushan Nemade, Swarna Moorthy,Onkar Kadam,,,,
377,Alpa Reshamwala,Sunita Mahajan,,,,,
378,Alpa Reshamwala,Sunita Mahajan,,,,,
379,Rahul Yadav, Rukhsana Khan,Prashant sonare,,,,
380,Kamalakar Desai,Manoj Sankhe,,,,,
381,Harsh Mehta, Soham Mody, Dhrumil Joshi,Vinaya Sawant,,,
382,Aditya modi, Aishwarya Bhandari, kunal Desai,Neepa Shah,,,
383,Jigar Modi,,,,,,
384,Aarti Bakshi,,,,,,
385,Vikas rai, Prof. D.R Mehta, Suraj kumar parganiha,Mukhar upadhyay,,,
386,Dr.H.B. Kekre, Sudeep D. Thepade, Juhi Jain,Naman Agrawal,,,
387,Mohd Mansoor Ali,Y.David Solomon Raju,,,,,
388,devidas karale, Dr.Rohin Daruwala, swapneel bhandarkar,vikas rai,,,
389,Krunal Patel,,,,,,
390,Sharon Lobo, Anita Fernandes,Priyanka Garud,,,,
391,Krunal Patel,,,,,,
392,Atul Sharma,sanjeev Sharma,,,,,
393,Snehal Bhosale, Ravindra Patil,Shilpa Shinde,,,,
394,Vidyagouri Hemadri,Dr. Umakant Kulkarni,,,,,
395,Shridhar Burli, Harsh Shah,Aashirvad Khatanhar,,,,
396,Hemant Mehta, Priyesh Kanungo,Manohar Chandwani,,,,
397,Beena Khade,Kalpana Thakre,,,,,
398,anjali yeole,Kirtikumar Dupare,,,,,
399,Anuj Vohra, Rajesh Wadhwa,Omprakash Vishwakarma,,,,
400,Hemanta Kumar Kalita,Manoj Nambiar,,,,,
401,Divya Valsan,Poorva Waingankar,,,,,
402,Geeta Hayagreev,Poorva Waingankar,,,,,
404,Hemanta Kumar Kalita,Avijit Kar,,,,,
405,Ritambhra Korpal,Arpita Gopal,,,,,
406,neena jacob,K.T.V. Reddy,,,,,
407,Siddharth Gupta,Narina Thakur,,,,,
408,Prof. China Venkateswarlu Sonagiri, Farooq Mohammmed, Somasekhar G,HEMANTH KUMAR KORNU,,,
409,G.Sampath Kumar G, Dr. S.China Venkateswarlu Sonagiri, Renu Babu M,G.Nagaraj G,,,
410,varsha wangikar, kavita jain,Seema Shah,,,,
411,Rajesh Kanna B., Aravindan Chandrabose,Kannan Kirthivasan,,,,
412,shubhi lall, tanupriya singh,rashmi vipat,,,,
413,Nisheeth Joshi, Iti Mathur,Shruti Mathur,,,,
415,Nandhini Kumaresh,Balasundaram Sadhu Ramakrishanan,,,,,
416,PARMA NAND,Dr. S.C. Sharma,,,,,
417,Iti Mathur, Shruti Mathur,Nisheeth Joshi,,,,
418,Dattatraya Tendulkar,Chetan Phalak,,,,,
419,girish mundada,,,,,,
420,Atul Shukla, RIshikant Dubey, Someswara Siripuram,Suchet Shetty,,,
421,Tabassum Mujawar,,,,,,
422,Irfan Siddavatam, Era Johri,Deepti Patole,,,,
423,Atul Kemkar,Trimbak Sontakke,,,,,
424,Pradeep Singh,Shirish Verma,,,,,
425,sudhir Dhage,,,,,,
426,R Gupta, Rajesh Kumar,Manoj Gupta,,,,
427,Mitrabinda Ray,Durga Prasad Mohapatra,,,,,
428,Nilima Kalamkar,Mohd.-Sadique Ali,,,,,
429,aprajita singh,,,,,,
430,Saswati Sarkar,,,,,,
431,Suresh Jajoo, abhijeet nirgude, Abhishek Raut, Rohit Patki,Sumit Pore,,
432,nitu bhoir,pravin dere,,,,,
433,Subhash Arya, Anurag Agarawal, Dileep Kumar,Jean Kharkongor,,,
434,Aprajita Singh,Rashmi Vipat,,,,,
435,Nimesh Doshi, dilkush patel,sandeep chaware,,,,
436,Neha Gulati,Chayanika Agarwal,,,,,
437,poorva waingankar,sujata dubal,,,,,
438,Rohan Jhaveri,Shailly Jain,,,,,
440,Nilesh Uke,Dr. Ravindra Thool,,,,,
441,Sunil Bangare, Akhil Khare,Pallavi Bangare,,,,
442,Prof.David Neels Pon Kumar, Dr.Murugesan Karuppiah,Annapoorani G.,,,,
443,Vikas Maheshkar, Sushila Kamble, Suneeta Agarwal,Vinay Kumar Srivastava,,,
444,Nishtha Verma,,,,,,
445,K. Manikandan,,,,,,
446,Jitendra Kumavat, Bhavesh Jain,Sachin Jaiswal,,,,
447,Akhilan Subramanian,Balasundaram Sadhu Ramakrishnan,,,,,
448,Abbas Sheik Dawood,Jay Mehta,,,,,
449,Deepika Chadha, Dr S.S.Mantha,Dr. A Vinaya Babu,,,,
450,Nidhi Sharma, Shruti Shetty, Arpita Sharma,Nikhil Verma,,,
451,Siddhartha Baruah,,,,,,
452,Deepika Chadha, Dr S.S.Mantha,Dr. A Vinaya Babu,,,,
453,Deepika Chadha, Dr S.S.Mantha,Dr. A Vinaya Babu,,,,
454,M. PARISA BEHAM,Gurulakshmi A.B.,,,,,
456,Era Johri,Sudhir Bagul,,,,,
457,Anjani Kumar Rai, vimal kumar,shivendu mishra,,,,
458,Pravin Dilpak,Pramila Chawan,,,,,
460,C.R.RENE ROBIN,G.V. UMA,,,,,
461,Kavita Bhatt, Hridyesh Basall,Ajay Khunteta,,,,
462,Ankur Chandra, Shashank Jain,Mohammed Qadeer,,,,
463,Devashree Marotkar,Nilima Bodhaye,,,,,
464,Syed Shabih Hasan, Mohammed Qadeer,Praveen Varshney,,,,
465,Ravichandra Babu.T, Sunil G,K.V.V.S Murthy,,,,
466,Praveen Varshney, Mohammed Qadeer,Syed Shabih Hasan,,,,
467,Neha Mahajan,,,,,,
468,sushila kamble, Vikas Maheshkar, Suneeta Agarwal,Vinay Kumar Srivastava,,,
469,Cavill D?Souza, Shreyans Mulkutkar, Kinn Savla,Dr. Sanjay Gandhe,,,
470,Ms.Prathibha Sudhakaran,Mrs.Shoba Krishnan,,,,,
471,Ketul Patel, Ravi Patel,Jigar Patel,,,,
472,Ancy Abraham, Gaurav Budjade,Loveena Stephen,,,,
473,Shashank Yadav, Dushyant Agarwal,Mohammed Qadeer,,,,
474,Nita Thakare,Dr. V. M. Thakare,,,,,
475,Mohammed Qadeer,Sarfraz Khan,,,,,
476,Shashank Gupta, Anoop Singh,Mohammed Qadeer,,,,
477,Imdad Rizvi,,,,,,
478,Prashant Bhardwaj, Shailendra Singh,Mohammed Qadeer,,,,
479,Amey Kulkarni,Arunachalam V,,,,,
480,Charusheela Patil,Vipul Dalal,,,,,
482,Ameya Khatate, Akash Jain,Leena Jain,,,,
483,Narina Thakur,Siddharth Gupta,,,,,
484,Harikrishna Parmar, Usha Mehta,Dr. Niranjan Devashrayee,,,,
485,kinjal bhavsar,Usha mehta,,,,,
486,sanjay deshmukh, Vrushali Patil,Janhavi baikerikar,,,,
487,Dr.H.B. Kekre, Archana Athawale,Grishma Sharma,,,,
488,Akash Jain, Leena Jain,Asim Jain,,,,
489,manoj yadav, swati singh,vikas kaul,,,,
490,Sunita Munde, Vandana Khobragade, Ranjanbala Jain,Vandana Munde,,,
491,Ranjan Bala Jain, Sunita Munde,Vandana Khobragade,,,,
492,Abdul Salam K K,Jithu Sathyan,,,,,
493,Y.Murali Mohan Babu, Dr. M.V. Subramanyam,Dr. M.N. Giri Prasad,,,,
494,Nusrat Ansari,Anvita Birje,,,,,
495,Ibrahim Patel,Dr.Y.Srinivasa Rao,,,,,
496,Samar Ahmad, Swati Soni,Mohammed Qadeer,,,,
497,Vanita Mane,leena ragha,,,,,
498,Rajarajeswari R,A.Rathinam Ananthanarayanan,,,,,
499,Rajesh Bansode, Sumita Rathi,Shruti Patil,,,,
500,Hemant Kekre, Vinayak Bharadi,Amol Ambardekar,,,,
501,Hemant Kekre, Vinayak Bharadi,Rajesh Bansode,,,,
502,Hemant Kekre,Vinayak Bharadi,,,,,
503,Archana deshpande, Ameya Kadam,Vinitkumar Dongre,,,,
504,T. Rajani Mangala,Dr. S. G. Bhirud,,,,,
505,Prof.Yogesh .H.Gulhane,,,,,,
506,joanne Gomes,,,,,,
507,Ashwini Naik,,,,,,
508,Arun Vuyyuru, David Solomon Raju Yellampally,Dr. China Venkateswarlu Sonagiri,,,,
509,Prof. China Venkateswarlu Sonagiri, RamaSubba Reddy S., Nagendra G.,Arya Bhanu M,,,
510,sangeeta mishra, sudhir sawarkar,deepak shete,,,,
511,sangeeta mishra, sudhir sawarkar,sanjeev ghosh,,,,
512,Chandra Kala Sadhu, David Solomon Raju Yellampally, Prof. China Venkateswarlu sonagiri,Arun Vuyyuru,,,
513,Subba Rao Duddu, Murali Mohan K.V, Prof. China Venkateswarlu sonagiri,Arun Vuyyuru,,,
514,Rajesh Bansode, Shruti Patil,Sumita Rathi,,,,
515,Hemant Kekre, Vinayak Bharadi,Vikas Singh,,,,
516,Apurva Tare,Nitesh Sharma,,,,,
517,Manisha Yadav,Suhas Mohite,,,,,
518,Madhuri Dalal,Nareshkumar Harale,,,,,
519,B. K. Mishra, Sandhya Save,Rupali Mane,,,,
520,Shankarayya Ganechari, Dr.Vijaykumar Kabadi,Dr.S.A. Kori,,,,
521,Amar Khopade,,,,,,
523,Nithin Krishnan,Vrushali Bhatt,,,,,
524,varsha turkar,Y.S. Rao,,,,,
525,Hemant Kekre, Vinayak Bharadi, Prachi Janrao,Vikas Singh,,,
526,Hemant Kekre, Vinayak Bharadi,Smitha Tauro,,,,
527,Hemant Kekre, Vinayak Bharadi,Vikas Singh,,,,
528,Manikandan K,Justus Robi B,,,,,
529,Emmanuel S. Pilli, Ramesh Joshi,Rajdeep Niyogi,,,,
530,Dipankar Dutta,Ramesh Chandra Joshi,,,,,
531,Neelam Naik,Rupali Jadhav,,,,,
532,Aradhana Manekar,,,,,,
533,Dr.H.B. Kekre, Sudeep D. Thepade,Varun K. Banura,,,,
534,Manish Umale, Sanjay Naravadkar,Anil Chhangani,,,,
535,Ketki Khante,Chandrashekhar Gode,,,,,
537,Shubhi Agarwal,,,,,,
538,ZAHIR AALAM, BRIJKISHOR MISHRA,MAHESH KOLTE,,,,
539,Bijith Markarkandy,,,,,,
540,Pratap Patil,,,,,,
541,Dhananjay Kalbande, Shekhar Shah, Presha Shah,Jigar Rudani,,,
542,B. K Mishra, S.K Singh,Mahendra Sharma,,,,
543,B.K Mishra, S.K Singh,Mahendra Sharma,,,,
544,Vikas Jaiswal, S.K Singh,Mahendra Sharma,,,,
545,B.K Mishra, S.K Singh,Swalwha Bhalla,,,,
546,Dilip Kumar Sharma,A K Sharma,,,,,
547,Sanjeev Ghosh,,,,,,
548,Bijith Markarkandy,,,,,,
549,Rajesh Bansode, Sumita Rathi,Shruti Patil,,,,
550,Rajesh Bansode, Shruti Patil,Sumita Rathi,,,,
551,Hemant Kekre, Archana Athawale,Uttara Athawale,,,,
552,M. Bala Krishna,,,,,,
553,Prajakta Thakare,,,,,,
554,Payel Saha,,,,,,
555,Deepali Vora,,,,,,
556,Sangeeta Mishra,,,,,,
557,Shilpa Lambor,Dr. Sangeeta Joshi,,,,,
558,Manisha Sharma,,,,,,
559,Rajesh Bansode,Manjusha Mangrulkar,,,,,
560,Sangeeta Mishra,,,,,,
561,Sangeeta Mishra,,,,,,
562,Brij Mishra, Sandhya Save,Swapna Patil,,,,"
563,Divya Rao,Sanjeev Ghosh,,,,,"
